{
	"format_version": "1.8.0",
	"animations": {
		"animation.coconut_crab.walk": {
			"loop": true,
			"animation_length": 0.33333,
			"bones": {
				"shell": {
					"rotation": {
						"0.0": {
							"vector": [0, 0, 0]
						},
						"0.0833": {
							"vector": [3.85826, 3.29436, 3.76335]
						},
						"0.1667": {
							"vector": [7.5, 0, 0]
						},
						"0.25": {
							"vector": [3.85826, -3.29436, -3.76335]
						},
						"0.3333": {
							"vector": [0, 0, 0]
						}
					},
					"position": {
						"0.0": {
							"vector": [0, 0, 0]
						},
						"0.1667": {
							"vector": [0, 2, 0]
						},
						"0.3333": {
							"vector": [0, 0, 0]
						}
					}
				},
				"leftClaw": {
					"rotation": {
						"0.0": {
							"vector": [0, 0, 0]
						},
						"0.1667": {
							"vector": [-17.5, -25, 0]
						},
						"0.3333": {
							"vector": [0, 0, 0]
						}
					}
				},
				"rightClaw": {
					"rotation": {
						"0.0": {
							"vector": [0, 0, 0]
						},
						"0.1667": {
							"vector": [-4.99527, 0.21782, 2.4905]
						},
						"0.3333": {
							"vector": [0, 0, 0]
						}
					}
				},
				"rightMiddleLeg": {
					"rotation": {
						"0.0417": {
							"vector": [0, 0, 0]
						},
						"0.125": {
							"vector": [-23.31621, 4.02671, -2.44314]
						},
						"0.2083": {
							"vector": [-20.85847, 11.47763, 3.04867]
						},
						"0.2917": {
							"vector": [0, 0, 0]
						}
					}
				},
				"leftMiddleLeg": {
					"rotation": {
						"0.0417": {
							"vector": [0, 0, 0]
						},
						"0.125": {
							"vector": [-23.31621, 4.02671, -2.44314]
						},
						"0.2083": {
							"vector": [-20.85847, 11.47763, 3.04867]
						},
						"0.2917": {
							"vector": [0, 0, 0]
						}
					}
				},
				"rightFrontLeg": {
					"rotation": {
						"0.0": {
							"vector": [0, 0, 0]
						},
						"0.0833": {
							"vector": [-23.31621, 4.02671, -2.44314]
						},
						"0.1667": {
							"vector": [-20.85847, 11.47763, 3.04867]
						},
						"0.25": {
							"vector": [0, 0, 0]
						}
					}
				},
				"leftFrontLeg": {
					"rotation": {
						"0.0": {
							"vector": [0, 0, 0]
						},
						"0.0833": {
							"vector": [-23.31621, 4.02671, -2.44314]
						},
						"0.1667": {
							"vector": [-20.85847, 11.47763, 3.04867]
						},
						"0.25": {
							"vector": [0, 0, 0]
						}
					}
				},
				"rightHindLeg": {
					"rotation": {
						"0.0833": {
							"vector": [0, 0, 0]
						},
						"0.1667": {
							"vector": [-23.31621, 4.02671, -2.44314]
						},
						"0.25": {
							"vector": [-20.85847, 11.47763, 3.04867]
						},
						"0.3333": {
							"vector": [0, 0, 0]
						}
					}
				},
				"leftHindLeg": {
					"rotation": {
						"0.0833": {
							"vector": [0, 0, 0]
						},
						"0.1667": {
							"vector": [-23.31621, 4.02671, -2.44314]
						},
						"0.25": {
							"vector": [-20.85847, 11.47763, 3.04867]
						},
						"0.3333": {
							"vector": [0, 0, 0]
						}
					}
				}
			}
		}
	},
	"geckolib_format_version": 2
}